X1,X2,X3,X4,X5,X6,X7,class
0.217706505442038,0.634694732958451,0.0283771625254303,0.0938664535060525,0.170345440041274,0.21807816834189,0.254369623959064,0
0.976832054555416,0.196436846395954,0.59382830420509,0.225760134868324,0.810394644737244,0.215981491142884,0.463485140353441,1
0.474112298572436,0.867035603150725,0.786069729132578,0.634799234569073,0.562943084165454,0.47083354764618,0.642650014953688,1
0.435561570571736,0.55975952418521,0.791351313237101,0.89157349569723,0.85309771168977,0.609157745726407,0.281368960160762,1
0.497563985409215,0.188631999539211,0.208089957013726,0.960606707027182,0.935005504405126,0.767656422685832,0.707381094340235,1
0.38261342421174,0.921228453051299,0.0431723294313997,0.0894942248705775,0.929614512482658,0.017285815672949,0.249534035334364,0
0.420370137551799,0.527401682920754,0.263320409459993,0.319033134030178,0.0688685590866953,0.961599416332319,0.107584562385455,1
0.417909235926345,0.863417719723657,0.364364749984816,0.640462175710127,0.668929560808465,0.0712402206845582,0.980341021670029,0
0.0373912856448442,0.90074895019643,0.835735885892063,0.0148929199203849,0.525744589744136,0.339147608028725,0.822218583431095,0
0.06688591116108,0.172911806497723,0.507219970459118,0.608052014838904,0.681451124837622,0.629099685000256,0.756286868127063,1
0.923385921632871,0.542642453918234,0.676427339902148,0.193706638878211,0.591116025811061,0.671259561087936,0.435847778338939,1
0.0701609905809164,0.967154227430001,0.173961268737912,0.359208849491552,0.79519832925871,0.987111633410677,0.49186100717634,1
0.861231744522229,0.976825931575149,0.935180360917002,0.70003647194244,0.393684571608901,0.182659917743877,0.905738863395527,1
0.680081461323425,0.637264982098714,0.0985238691791892,0.924877981189638,0.369364125654101,0.444783360464498,0.400177373783663,1
0.782725206343457,0.783044339157641,0.220305431401357,0.175651997094974,0.70930906641297,0.341594616649672,0.156716986559331,0
0.664967388380319,0.565091683994979,0.481771796941757,0.207538364920765,0.784609289374202,0.505074343876913,0.0769987774547189,1
0.23356258822605,0.563540965784341,0.726855342742056,0.00549142621457577,0.840885669458658,0.92379611171782,0.229770526988432,1
0.545824539382011,0.248981764074415,0.599870102247223,0.702130150748417,0.298696223413572,0.0993826135527343,0.397456300444901,0
0.876233554445207,0.147493624594063,0.960609719855711,0.105157866608351,0.951460285112262,0.38279984309338,0.498941950732842,1
0.102181472582743,0.345660754246637,0.48907258710824,0.198149404954165,0.821410999400541,0.357506583211944,0.994842560961843,0
0.00351621792651713,0.00266802264377475,0.0475011996459216,0.479252997087315,0.337790174642578,0.651633564848453,0.241510008461773,0
0.203967018751428,0.0155781011562794,0.611078579211608,0.661346722161397,0.116104880580679,0.971569425193593,0.0274490138981491,1
0.472429442917928,0.530526179354638,0.87801841692999,0.277052549878135,0.161891269497573,0.492538609309122,0.475984320510179,1
0.211687836796045,0.760293171741068,0.389918048400432,0.101266578305513,0.701073644449934,0.941509603289887,0.532975129084662,1
0.695089840795845,0.937368872808293,0.370525331003591,0.594127003336325,0.774298198753968,0.952456215396523,0.965960282832384,1
0.594162254361436,0.560563171748072,0.422959145624191,0.296305446187034,0.0905600776895881,0.590488560032099,0.0658544113393873,1
0.0902137036900967,0.0722112392541021,0.409564045956358,0.696954636601731,0.441393998451531,0.939961823867634,0.657964122481644,1
0.459956608712673,0.391079044668004,0.427132410695776,0.949568025069311,0.432773365406319,0.62696939567104,0.991514206631109,1
0.637921834830195,0.764949126634747,0.387805648846552,0.404063909547403,0.410963997012004,0.886163087328896,0.438755042850971,1
0.828812958439812,0.882320020115003,0.333205586997792,0.953280317597091,0.287439983803779,0.599506254540756,0.152886189054698,1
0.663987004896626,0.592858448624611,0.437542198225856,0.0745838296134025,0.0214827535673976,0.620587071869522,0.131049380870536,0
0.777450367808342,0.276107829762623,0.905314000789076,0.109046912752092,0.839343271916732,0.111477636964992,0.985835146158934,0
0.576095288153738,0.722683320986107,0.0624301570933312,0.283037320943549,0.494763478403911,0.257584369974211,0.715900087263435,0
0.803490484599024,0.103595297783613,0.162605638848618,0.989524968434125,0.505322439596057,0.2656033502426,0.0636259235907346,0
0.559209490427747,0.622214857023209,0.709186567226425,0.775159891461954,0.550544469384477,0.298862256575376,0.712469052290544,0
0.727034849813208,0.322109375149012,0.994150223443285,0.0725576649419963,0.333094732835889,0.897164004389197,0.642225241754204,1
0.489239189308137,0.675106061156839,0.903877213364467,0.11756381415762,0.520033532753587,0.593928179237992,0.530867384281009,1
0.623346054228023,0.0583340260200202,0.140312851639464,0.0139245155733079,0.820368894375861,0.381619910942391,0.0765866267029196,0
0.327591087669134,0.705322833964601,0.172415588283911,0.218800830189139,0.42692486057058,0.187907135579735,0.612461854005232,0
0.0197878242470324,0.499235281953588,0.883386893197894,0.638519740896299,0.458065315382555,0.0170216606929898,0.466072072507814,0
0.199426846113056,0.763617088086903,0.464907581685111,0.920591470319778,0.73340119747445,0.596324425190687,0.491616733837873,1
0.640952398767695,0.907016983255744,0.00727951503358781,0.543580974685028,0.751962327864021,0.608468755614012,0.248863362707198,1
0.213458848884329,0.00432121870107949,0.753689459292218,0.580173835391179,0.952108286088333,0.70528526767157,0.845711011439562,1
0.373224894283339,0.835805895272642,0.668370212661102,0.57323174411431,0.557245807023719,0.0205816389061511,0.579353334615007,0
0.386507709044963,0.654133873293176,0.782384756021202,0.135722284670919,0.893455200828612,0.263550981180742,0.500285518122837,0
0.894819401670247,0.929243951803073,0.689909308683127,0.477780296700075,0.976518727373332,0.668295187875628,0.432889736024663,1
0.258171856636181,0.250235347775742,0.0282371218781918,0.978785854531452,0.966197285335511,0.454230330651626,0.379774244967848,1
0.468994728522375,0.842439461965114,0.289797398261726,0.407429913291708,0.469946179073304,0.726182851241902,0.712881048442796,1
0.184772677253932,0.785479374229908,0.792136813048273,0.458102686097845,0.239189860643819,0.476709238486364,0.400883485097438,0
0.507869718363509,0.685692694736645,0.659957119962201,0.253981411224231,0.357463184511289,0.059833055594936,0.792323677800596,0
0.843921124236658,0.172143614618108,0.857732499018312,0.463984064990655,0.015417312271893,0.324147744104266,0.398046041140333,0
0.782311471411958,0.649772829376161,0.58398018614389,0.183449313510209,0.539760183775797,0.888580930186436,0.813916370505467,1
0.88530183234252,0.710544352186844,0.986860311124474,0.667490585241467,0.457043248228729,0.0823013337794691,0.538010936928913,0
0.38005631044507,0.125616280827671,0.644349195063114,0.391819337848574,0.185652608284727,0.498980368953198,0.576572000281885,0
0.330213447799906,0.518180920742452,0.864577628672123,0.392130128107965,0.645470810588449,0.584369491320103,0.36765540833585,1
0.51320857135579,0.819530004868284,0.309242689283565,0.345797315938398,0.506987028056756,0.0516226533800364,0.164298457326367,0
0.806284579215571,0.409294650191441,0.849381481064484,0.847228149650618,0.0911084897816181,0.347431353293359,0.612066705478355,0
0.435115751577541,0.575948032084852,0.315664876252413,0.393731974530965,0.232967448653653,0.879959146259353,0.903164100134745,1
0.0162638099864125,0.676884699845687,0.217877135844901,0.182544294511899,0.299161507980898,0.579752318561077,0.933901665965095,0
0.822910785442218,0.00885060173459351,0.763899971963838,0.884583396371454,0.460893222130835,0.273909657727927,0.766692443983629,0
0.0567685132846236,0.305354037322104,0.602720888564363,0.0751049474347383,0.21842639404349,0.0253674585837871,0.278691400308162,0
0.740477330051363,0.658702405635267,0.255079049849883,0.309537964174524,0.263596662785858,0.182285688119009,0.453915627906099,0
0.281978792045265,0.0518735405057669,0.88355976366438,0.937740604626015,0.619330500951037,0.88195783784613,0.714697187766433,1
0.589956394629553,0.73025580891408,0.143436587648466,0.486055673565716,0.31489395070821,0.68679866543971,0.827561935642734,1
0.377068008994684,0.897550163324922,0.880997015628964,0.146015330217779,0.932121962076053,0.799508373253047,0.978580449707806,1
0.551480795489624,0.150707897497341,0.3213550534565,0.313260299153626,0.0421420093625784,0.345473791006953,0.0134464493021369,0
0.307874206453562,0.0158620725851506,0.993778959149495,0.538041630527005,0.0104980433825403,0.601935896556824,0.357590487226844,1
0.581678010523319,0.817499372176826,0.775234733475372,0.547783041605726,0.104079345939681,0.724687710637227,0.0348495489452034,1
0.625964134931564,0.629424997372553,0.519206711556762,0.141507693333551,0.398359979270026,0.813566470053047,0.551908111665398,1
0.928870393661782,0.936963473213837,0.293689168989658,0.808013594709337,0.290173517307267,0.125947901280597,0.988443918991834,0
0.73173419223167,0.0850897636264563,0.358517591608688,0.97582638845779,0.381750602275133,0.557243729010224,0.452999340603128,1
0.476214244728908,0.979772176593542,0.647424155846238,0.106613972457126,0.72165067656897,0.400093509349972,0.437080866424367,1
0.401742106769234,0.787141495617107,0.742622322868556,0.833110498264432,0.358394808135927,0.510724522871897,0.777426198357716,1
0.421131083276123,0.620496645569801,0.748254963662475,0.284876009216532,0.373679022537544,0.558589052874595,0.64189984742552,1
0.27862978191115,0.689709457801655,0.113631349755451,0.791922393720597,0.499041082570329,0.537049781996757,0.811404328793287,1
0.518902107840404,0.717612883541733,0.473112887702882,0.285330580547452,0.278769583906978,0.953639274695888,0.672118107788265,1
0.967010014690459,0.168889827094972,0.331475715618581,0.00225064856931567,0.930406222585589,0.937549793161452,0.946917600464076,1
0.542882797773927,0.481452158419415,0.612767340848222,0.335218324558809,0.840217896504328,0.57100012502633,0.672248425660655,1
0.0443632905371487,0.774418133078143,0.786219180095941,0.133730441564694,0.910332801751792,0.0545396546367556,0.592242342419922,0
0.0506527086254209,0.923361533787102,0.0035770449321717,0.261298382654786,0.419920344604179,0.985846241936088,0.892577048158273,1
0.370551067404449,0.568392345914617,0.89399151946418,0.27193328528665,0.492604058701545,0.333610649453476,0.912094467086717,0
0.811466811457649,0.767943338723853,0.0562409411650151,0.560600455384701,0.801279457751662,0.866350872209296,0.578857616754249,1
0.00106584560126066,0.658993059769273,0.599919136846438,0.739390840288252,0.886861315229908,0.526019062381238,0.692753378301859,1
0.653775289421901,0.40000681229867,0.85104761319235,0.0731267300434411,0.944820530014113,0.872297380352393,0.445164729608223,1
0.676468351623043,0.749735949328169,0.780145775992423,0.620292854961008,0.332787071354687,0.196703487541527,0.120212745154276,1
0.29592791525647,0.867863758234307,0.780751553596929,0.204139175126329,0.343807417433709,0.377476619090885,0.41076274192892,0
0.018023821990937,0.0255465488880873,0.954913745401427,0.335736053064466,0.486794000258669,0.863995332969353,0.995182404061779,0
0.496440161485225,0.930287685012445,0.795389410573989,0.698716211831197,0.847536626970395,0.536258358042687,0.75549442996271,1
0.248148739337921,0.88797029806301,0.812511944910511,0.534483295632526,0.869291765149683,0.915634844917804,0.338796323165298,1
0.657685544807464,0.428083806764334,0.350582031533122,0.456845387816429,0.859084696276113,0.0983217679895461,0.415009210351855,0
0.611469391500577,0.349582931725308,0.445708966813982,0.355784200131893,0.18844457459636,0.929919361835346,0.586696967016906,0
0.558542919112369,0.0999899934977293,0.407301830127835,0.499649961013347,0.343427519313991,0.755966565106064,0.557133837137371,1
0.202289816457778,0.515918776625767,0.105872784042731,0.651167671196163,0.330395067110658,0.698219556594267,0.432253209175542,1
0.440699122846127,0.250879870261997,0.194230885012075,0.867877973476425,0.812347756000236,0.208237442653626,0.574192463187501,0
0.508783548371866,0.77657455787994,0.554588325321674,0.351680791238323,0.0448116303887218,0.969921130919829,0.481090115848929,1
0.576605584472418,0.879832553677261,0.335560646606609,0.833205980248749,0.21121245669201,0.388700943207368,0.730575501453131,0
0.458937604678795,0.0969015713781118,0.746814439538866,0.700850577093661,0.69129929644987,0.47922472585924,0.0186226675286889,1
0.255882326047868,0.398629139410332,0.0558531857095659,0.100591424154118,0.280171647900715,0.195720054209232,0.833018030971289,0
0.657497606705874,0.111148797441274,0.494808007031679,0.54747928539291,0.906308473553509,0.0973854917101562,0.256297155516222,0
0.92567729530856,0.598553432850167,0.816479665227234,0.260223273653537,0.185593011556193,0.96145927417092,0.765189773868769,1
0.802180460188538,0.947579635772854,0.0338000932242721,0.172650113236159,0.792398263933137,0.692643887130544,0.0284700384363532,1
0.164227151311934,0.974359795451164,0.427703554742038,0.677397378487512,0.990471806842834,0.346787970978767,0.362180035561323,0
0.0831261014100164,0.666370978811756,0.144973995629698,0.979931883746758,0.454070263542235,0.396388927707449,0.0997447345871478,0
0.439325143350288,0.990949418861419,0.176780153997242,0.672333023278043,0.149619069648907,0.628667964134365,0.502983251586556,1
0.690420500235632,0.658377470448613,0.773117371369153,0.692943493835628,0.697909626178443,0.071094990009442,0.547411514446139,0
0.649224020773545,0.454712560633197,0.920637469505891,0.332636471604928,0.117943446617573,0.785443371161819,0.569439175305888,1
0.027074090205133,0.683862233301625,0.866259583970532,0.241345953196287,0.963944796705619,0.25053632655181,0.204957212787122,1
0.26954231900163,0.897503605345264,0.88805390545167,0.973383284639567,0.345741792349145,0.439074041554704,0.988750269170851,1
0.129109286703169,0.315116868587211,0.361404055031016,0.456199227366596,0.8186028173659,0.559129370842129,0.676957267103717,1
0.25193525175564,0.331929789157584,0.74012889387086,0.956911119865254,0.426904625957832,0.503265196457505,0.438381592277437,1
0.328269519843161,0.625952541828156,0.47445739316754,0.126956817926839,0.769618979422376,0.0369057455100119,0.00791482022032142,0
0.339864952722564,0.7092489823699,0.655842517968267,0.722266636788845,0.790971406502649,0.0285940209869295,0.56929413205944,0
0.88335370272398,0.760188228683546,0.304402521578595,0.391498798737302,0.651080352021381,0.572258583270013,0.799231594195589,1
0.852150121005252,0.676416338188574,0.633887702133507,0.600968129234388,0.988970852689818,0.758678108453751,0.749836827395484,1
0.890810969285667,0.258597220294178,0.781025369884446,0.86990916589275,0.750483706127852,0.71457881340757,0.447859599953517,1
0.983603905886412,0.580720212776214,0.971103051677346,0.222873897058889,0.113715780200437,0.491024512797594,0.734856623690575,1
0.547079610871151,0.132950418628752,0.110538738546893,0.0186639500316232,0.45085593406111,0.231853017117828,0.744288168847561,0
0.981643387814984,0.161325837252662,0.576228643301874,0.564922482240945,0.944556884700432,0.295271991519257,0.174416814465076,0
0.76736960047856,0.970126694999635,0.288251393241808,0.643943290226161,0.460601850412786,0.247774575836957,0.0795044412370771,0
0.823108409065753,0.728506377665326,0.885154942283407,0.400790709303692,0.676852707052603,0.789168701507151,0.865783360553905,1
0.690922970185056,0.549164423486218,0.896790414117277,0.513806761940941,0.952941921306774,0.850945501588285,0.290567799704149,1
0.581053075613454,0.300378339132294,0.396098192315549,0.675148346927017,0.660796995041892,0.67102567339316,0.960051584756002,1
0.313631419790909,0.383086367510259,0.812917849980295,0.269855168880895,0.15568385203369,0.876213284675032,0.169447462772951,1
0.747993359807879,0.707643448840827,0.343821749091148,0.0222024121321738,0.159573203884065,0.863282800884917,0.852453828789294,1
0.43833429319784,0.357167871668935,0.977709686849266,0.821414061821997,0.196987899951637,0.411044480744749,0.200598639901727,1
0.535449733491987,0.838609241647646,0.893974649021402,0.385972381336614,0.422396751353517,0.537293540546671,0.183621983043849,1
0.762152794981375,0.506427260814235,0.959319911664352,0.759512624004856,0.701780673582107,0.949276015395299,0.579101925250143,1
0.355648533673957,0.447195356246084,0.947342508705333,0.367416517576203,0.78974787844345,0.905239950865507,0.451439295196906,1
0.264085302129388,0.140955245355144,0.336816131835803,0.583560824161395,0.144622108200565,0.746932842768729,0.161884829169139,1
0.328035240061581,0.0779124535620213,0.786297707818449,0.876202182611451,0.244340439559892,0.0587735532317311,0.76003406313248,0
0.451671718619764,0.399133644532412,0.219660270027816,0.365147184114903,0.704795059747994,0.0951648713089526,0.742613433394581,0
0.795645815087482,0.652255408000201,0.759347913088277,0.563022785354406,0.0972488336265087,0.917387138586491,0.729500901419669,1
0.850009907502681,0.743666089838371,0.674378331983462,0.714564271969721,0.807677221717313,0.144650358706713,0.422568801790476,1
0.367125480668619,0.0317885812837631,0.227849250426516,0.692820942495018,0.0783811616711318,0.119221175322309,0.153867400949821,0
0.271410819841549,0.497955291066319,0.755911491811275,0.308454125886783,0.889199612196535,0.139465735759586,0.0112466944847256,0
0.715901933144778,0.902580661699176,0.947351710870862,0.266425836598501,0.317978880601004,0.814226992661133,0.0662970091216266,1
0.449089333415031,0.115787985967472,0.801075034309179,0.977574704447761,0.201155897928402,0.34324827324599,0.953141514444724,0
0.471195080550388,0.771262384252623,0.396820490481332,0.283454495482147,0.498815063154325,0.606331759365276,0.2626707109157,1
0.0486105645541102,0.05966493091546,0.15667472477071,0.226116205332801,0.0453621642664075,0.196549722459167,0.375351130031049,0
0.704730538884178,0.902347121154889,0.556854023132473,0.716579004656523,0.501952701015398,0.335298122605309,0.535896504530683,1
0.435261575505137,0.446820315439254,0.0379020404070616,0.678019397659227,0.745031148428097,0.54935643542558,0.682884469861165,1
0.868819239316508,0.751247032312676,0.217940802918747,0.6329866850283,0.896620371378958,0.897090169833973,0.737305431859568,1
0.655804116046056,0.47651680582203,0.113716734107584,0.472171415109187,0.686416718875989,0.0162454729434103,0.0509777253028005,0
0.0753749560099095,0.771803378593177,0.28422638704069,0.956363666336983,0.913974663009867,0.0778218938503414,0.637460701400414,0
0.398066204972565,0.26037059398368,0.0251586968079209,0.645048970589414,0.685232253745198,0.227025169879198,0.322224937612191,0
0.858261492103338,0.566824530018494,0.339031583862379,0.379060328705236,0.955802124459296,0.774058116134256,0.0906654708087444,1
0.459162438986823,0.29678549640812,0.950343935750425,0.532614024123177,0.754371291724965,0.673410430550575,0.549250365234911,1
0.0876200497150421,0.657431003171951,0.350361630087718,0.0515096075832844,0.799705546814948,0.767234371043742,0.039565313141793,1
0.126905654557049,0.347114021424204,0.780486597446725,0.970708819804713,0.0816700512077659,0.751720339525491,0.850039645796642,1
0.806699241278693,0.463011815911159,0.171145766507834,0.414142264984548,0.0569106999319047,0.431453318335116,0.369038092438132,1
0.36233237828128,0.205663136206567,0.260124560911208,0.487400371814147,0.217005230952054,0.793385952012613,0.632593842688948,1
0.362877961248159,0.0773788073565811,0.0308180670253932,0.317658945452422,0.741495223483071,0.0778185459785163,0.806820394704118,0
0.526596332667395,0.193123138509691,0.868331929203123,0.499293636763468,0.7882860226091,0.579446654533967,0.855803002370521,1
0.536669395631179,0.991695124655962,0.627194220898673,0.879608722403646,0.682664666324854,0.55692170956172,0.753117528511211,1
0.268798496574163,0.247051591286436,0.835429355502129,0.186083896551281,0.800211045192555,0.991589037002996,0.222828462487087,1
0.0399842103943229,0.603230530163273,0.92910863016732,0.174504111055285,0.2053826241754,0.49303546291776,0.531672313576564,1
0.345572832040489,0.00195695459842682,0.261534916236997,0.298237446462736,0.0908427103422582,0.146773063344881,0.699290399206802,0
0.543678862042725,0.898765832884237,0.956602332415059,0.853676429018378,0.242519439430907,0.0674072960391641,0.608511246042326,1
0.0642420877702534,0.688708449015394,0.592552592745051,0.846968789817765,0.497659838059917,0.854531788034365,0.588963996153325,1
0.226818921975791,0.433283892925829,0.132784375688061,0.626351017970592,0.327298829331994,0.867438183631748,0.570720129646361,1
0.452298314543441,0.420871172565967,0.847129767062142,0.108964416198432,0.254264225019142,0.629951623501256,0.41162219340913,0
0.511499252868816,0.418712256476283,0.565851251361892,0.16894967155531,0.665037477156147,0.356542730005458,0.93060720548965,0
0.486326837679371,0.647138409782201,0.0514836322981864,0.330709787784144,0.112941488157958,0.469489691546187,0.612233076011762,1
0.77357813064009,0.805807520635426,0.770943657960743,0.283962718211114,0.352573910960928,0.960560950217769,0.444788352586329,1
0.991209919797257,0.0183682318311185,0.826521859038621,0.0527199178468436,0.575192282907665,0.969277777243406,0.090960789937526,1
0.209032755112275,0.870911470614374,0.95841662120074,0.598101942334324,0.0990212690085173,0.674415432615206,0.906686145113781,1
0.349226442864165,0.26777432160452,0.629487839993089,0.395379326306283,0.152984691550955,0.167672119801864,0.271337535232306,0
0.510484479833394,0.285190620459616,0.903062142664567,0.10362963215448,0.355748583329841,0.306301631964743,0.407147537218407,0
0.857225159183145,0.604111269349232,0.0149239138700068,0.536841552937403,0.623513680417091,0.046293978812173,0.432974482886493,0
0.259040328208357,0.491071857279167,0.811631217598915,0.322903485270217,0.125777411507443,0.977512172423303,0.0735901594161987,1
0.525528084486723,0.787265425315127,0.352220267057419,0.87807638081722,0.0191966097336262,0.441127017373219,0.847535213455558,1
0.750814826926216,0.358254839899018,0.0240896218456328,0.19499500375241,0.258082825224847,0.988096073037013,0.968277788255364,0
0.253751795971766,0.932636694982648,0.0282520765904337,0.915654056239873,0.523702484788373,0.297953611938283,0.99826372298412,0
0.547618782846257,0.676635087234899,0.827212975826114,0.864750566193834,0.403221268905327,0.985402142396197,0.608033351833001,1
0.0926391438115388,0.127538817701861,0.389997333055362,0.0527020250447094,0.790953235235065,0.934172073379159,0.766328344587237,1
0.958097233437002,0.698908818885684,0.0677777484524995,0.229866123059765,0.862388844834641,0.774080925853923,0.778180348919705,1
0.067404743283987,0.98131580138579,0.807529285782948,0.972514885244891,0.208026508335024,0.68062029290013,0.85081899119541,1
0.636061589466408,0.185451959259808,0.18635067017749,0.758351051947102,0.0404190625995398,0.627588032977656,0.25876810355112,1
0.00185711681842804,0.35798226762563,0.621917463839054,0.119079218478873,0.687462447909638,0.49810330895707,0.837849343195558,1
0.446010222192854,0.310912255430594,0.416281843557954,0.744979429058731,0.911122053861618,0.387977738399059,0.402164421509951,0
0.219865274615586,0.689739633118734,0.575503982836381,0.716891227755696,0.51067478233017,0.65609916113317,0.874668261734769,1
0.508811417035758,0.0883041126653552,0.265147265279666,0.0306289584841579,0.945572518743575,0.764113968936726,0.398795732297003,1
0.153304110746831,0.132939633214846,0.381182133918628,0.927523339400068,0.321120504522696,0.941357076400891,0.732844528742135,1
0.0530558135360479,0.69917232892476,0.185494924196973,0.599453918868676,0.696408494375646,0.280629894929007,0.441359204705805,0
0.295904616592452,0.383153280708939,0.348247224697843,0.186026753857732,0.618770917411894,0.625332500552759,0.838783896761015,1
0.654198547592387,0.966439699288458,0.170079083181918,0.352442922070622,0.928617073688656,0.977186663541943,0.773460100870579,1
0.181342179421335,0.098283372586593,0.224762569880113,0.0563486719038337,0.488389725564048,0.781176410615444,0.00435655959881842,0
0.00581647059880197,0.766351559897885,0.998751056613401,0.861274810973555,0.515782415866852,0.911262489156798,0.591276781167835,1
0.94046398694627,0.283529730048031,0.663508058292791,0.623970211716369,0.906740674050525,0.676196757005528,0.0310063571669161,1
0.393145435024053,0.554006039863452,0.370715910103172,0.775254857260734,0.887128468137234,0.391704063396901,0.933926332509145,0
0.31258152727969,0.891524692298844,0.0121625945903361,0.251185673521832,0.354511213721707,0.0492558798287064,0.657809982309118,0
0.369287698529661,0.833827227121219,0.221972281346098,0.549061892554164,0.403448960278183,0.792540993075818,0.434944956097752,1
0.0511257792823017,0.553872657706961,0.19061488029547,0.613226582063362,0.675304838689044,0.850498702842742,0.938588518183678,1
0.637435958255082,0.838367503834888,0.658312736311927,0.303618533303961,0.287778243655339,0.570556978695095,0.0931528068613261,1
0.588481307961047,0.879167085746303,0.911851749988273,0.910375426756218,0.0458825023379177,0.320324381114915,0.926896344171837,0
0.441569265211001,0.657979725860059,0.161363870836794,0.748383314814419,0.778160469606519,0.0172559637576342,0.41866689058952,0
0.104635394411162,0.692266339669004,0.377221406903118,0.511812558863312,0.278020482044667,0.0359482921194285,0.748326465720311,0
0.334765581181273,0.150677488883957,0.770549261942506,0.710688697174191,0.498461061390117,0.845313196536154,0.85215217852965,1
0.454174752812833,0.859675645129755,0.455688889371231,0.568418886978179,0.245789333013818,0.90800611441955,0.914688026765361,1
0.262405766174197,0.284279243089259,0.421700002858415,0.577751081902534,0.838827150175348,0.298711734823883,0.784928614972159,0
0.146813550498337,0.763705982360989,0.471430473960936,0.57032382953912,0.864333444042131,0.299001172650605,0.984310385538265,1
0.446421231841668,0.630043427459896,0.795470046577975,0.952209319220856,0.838267233222723,0.4944173397962,0.169229346793145,1
0.776871123816818,0.593664057785645,0.0186322373338044,0.00143723026849329,0.38804386020638,0.957786793354899,0.61462067021057,1
0.902604595059529,0.638484636787325,0.290325599722564,0.824138828553259,0.129847263917327,0.955431776354089,0.806549669941887,1
0.780539039522409,0.448093525599688,0.512540388619527,0.583052724134177,0.691337749129161,0.493808774044737,0.630597745999694,1
0.720550517784432,0.882354160305113,0.599006049102172,0.459376592887565,0.458122504409403,0.979999884497374,0.147659061243758,1
0.419754473492503,0.543645279482007,0.00601890846155584,0.103251876309514,0.163362295832485,0.539789478061721,0.543293670285493,1
0.929860605625436,0.590937992557883,0.877943760482594,0.658525167265907,0.532962888246402,0.529290451202542,0.528278077021241,1
0.214099805802107,0.739751906599849,0.918895782204345,0.754373676609248,0.77667371253483,0.846250320551917,0.845707183005288,1
0.801818627398461,0.394525400362909,0.0122919178102165,0.310013093054295,0.587928451132029,0.7154537870083,0.503478415543213,1
0.769255428574979,0.949157331138849,0.0768314378801733,0.443662194535136,0.355467249173671,0.19853898906149,0.822528362041339,0
0.232515224954113,0.898195177549496,0.521439995616674,0.264460900565609,0.43031023000367,0.762589753139764,0.151835970114917,1
0.0983216864988208,0.652651750715449,0.00374910165555775,0.94758694479242,0.206084111472592,0.359094252577052,0.886395326117054,0
0.834258878836408,0.181200003251433,0.648286033654585,0.129573059966788,0.919457836775109,0.219813041388988,0.00995701225474477,0
0.619049220345914,0.415215326007456,0.0619698725640774,0.747510347282514,0.655218604952097,0.832555507542565,0.40518783335574,1
0.663060348248109,0.572183050913736,0.490103221265599,0.137631574878469,0.514215903123841,0.242746019270271,0.91849828697741,0
0.460239092819393,0.552888023667037,0.991421550279483,0.544014965882525,0.526053943205625,0.212941627483815,0.666943446034566,0
0.783065155381337,0.496866634814069,0.0584233943372965,0.970943584572524,0.454857147531584,0.567414059303701,0.121668434236199,1
0.128404243383557,0.968241020105779,0.262172886403278,0.607232938986272,0.0941332171205431,0.111213281052187,0.717003401601687,0
0.722700217040256,0.91293630306609,0.199878882383928,0.739222391974181,0.560314303496853,0.0816244133748114,0.0982615558896214,0
0.562961104791611,0.539353106636554,0.973590466193855,0.873684976249933,0.715283155906945,0.478466552915052,0.325495037483051,1
0.400197912240401,0.684502215590328,0.276294294511899,0.479450470069423,0.398025351343676,0.340630786726251,0.858504050411284,0
0.0645619230344892,0.388722285628319,0.95688528008759,0.604332406073809,0.116892940597609,0.736152135068551,0.95876669511199,0
0.561524630989879,0.36614610417746,0.375896577723324,0.319038378540426,0.103645497234538,0.390518135624006,0.451665241504088,0
0.774144683498889,0.278721609618515,0.880628596292809,0.618619404966012,0.270209172740579,0.565839251037687,0.860014088451862,1
0.530030710622668,0.938706027111039,0.335506540024653,0.38600093126297,0.829529009992257,0.861430489923805,0.360431124223396,1
0.19606184726581,0.934929182054475,0.899729524739087,0.306193191092461,0.748904407024384,0.482361179543659,0.640882501611486,1
0.0677944899071008,0.266864895122126,0.455626097740605,0.550941084045917,0.186723860213533,0.0638678425457329,0.754893458681181,0
0.0188121031969786,0.397549023618922,0.264470129972324,0.249225831590593,0.117725794902071,0.392214556923136,0.550905122421682,0
0.727626952342689,0.54362901696004,0.847243185853586,0.741132409079,0.865683809155598,0.890884600812569,0.254181929398328,1
0.688314805738628,0.702561743091792,0.353937219595537,0.737001375993714,0.888206346426159,0.0543226287700236,0.90545303071849,1
0.30004860740155,0.449833522783592,0.806365065742284,0.504602242726833,0.957332332618535,0.421622570138425,0.391470872797072,1
0.138564979890361,0.326558922650293,0.278576380573213,0.6088414513506,0.589764795498922,0.2034348747693,0.625312600284815,0
0.48069029697217,0.712653736118227,0.270933811087161,0.690696705132723,0.772069227416068,0.902385278139263,0.257970927050337,1
0.69423261214979,0.398023697314784,0.581832582363859,0.284820426953956,0.552064452320337,0.952518456615508,0.73460928327404,1
0.500970471417531,0.171830664621666,0.320475823478773,0.105850317282602,0.0180316558107734,0.444765886291862,0.709034461295232,1
0.952460715314373,0.256364066153765,0.316101830685511,0.25847062561661,0.892910030903295,0.264237005030736,0.0281375180929899,0
0.562291724840179,0.93595801666379,0.622130993520841,0.404908094089478,0.821877921931446,0.874087562551722,0.539351123850793,1
0.0397275660652667,0.247785312123597,0.521063483785838,0.209530364256352,0.635346410097554,0.337498082546517,0.537875047884881,0
0.154605060117319,0.67362747923471,0.730053582461551,0.256555912317708,0.523373903473839,0.132781761698425,0.735442054923624,0
0.0410176573786885,0.579235428478569,0.995232501300052,0.633528294274583,0.476444371510297,0.793350585969165,0.988043744815513,1
0.548808525549248,0.400004534050822,0.0623896184843034,0.839660330209881,0.763973202323541,0.771134980488569,0.743328361772001,1
0.699640801176429,0.429988593794405,0.474615681683645,0.30179908266291,0.231903690146282,0.910457347054034,0.499521096469834,1
0.255878418684006,0.19961941242218,0.114785871468484,0.780739822657779,0.866865219082683,0.960355026647449,0.80422448203899,1
0.72256510076113,0.824654799187556,0.756916332291439,0.239650320727378,0.876944936113432,0.427801409969106,0.702197720529512,1
0.498865560162812,0.601535871857777,0.832619810011238,0.178492640145123,0.932754263980314,0.800191444111988,0.409125008853152,1
0.772105685668066,0.690600676694885,0.789716308237985,0.86307300045155,0.0919654285535216,0.934820265276358,0.701088052708656,1
0.00615157396532595,0.996262096334249,0.79614728805609,0.855505787534639,0.534628008492291,0.57769950828515,0.88509773905389,1
0.107359264511615,0.826931717805564,0.260492219589651,0.663858516374603,0.484728543786332,0.540331788593903,0.478540409356356,1
0.687963888281956,0.0716678712051362,0.521260639186949,0.530809932155535,0.550512700108811,0.406425643712282,0.74027959886007,1
0.572784323478118,0.940036212094128,0.85154989361763,0.985091015929356,0.704109872691333,0.850405663717538,0.0525770231615752,1
0.715196733130142,0.282718256115913,0.712606544839218,0.249290617182851,0.248929928988218,0.231096146861091,0.743660012958571,0
0.267316293669865,0.487775045447052,0.102729415055364,0.557310160249472,0.337498784763739,0.276402591494843,0.246718648821115,0
0.749120658729225,0.0603941555600613,0.777229169383645,0.838172416901216,0.703683105530217,0.478874128777534,0.990102237090468,1
0.858898061094806,0.188332286197692,0.199540129397064,0.26172703364864,0.00211016973480582,0.910157452803105,0.920762685826048,1
0.182147572981194,0.457113965414464,0.918583245016634,0.167247805278748,0.209498702315614,0.0558548604603857,0.16551276599057,0
0.764081269036978,0.167463864898309,0.924096579663455,0.334852131316438,0.771494829794392,0.220063263550401,0.00564237986691296,0
0.563945912290365,0.804638711735606,0.714161876123399,0.321452633477747,0.160547960316762,0.446126565570012,0.138107397826388,1
0.634359114104882,0.726997182704508,0.407244702801108,0.736126465257257,0.0888534137047827,0.236615931149572,0.610887099755928,0
0.592223602114245,0.786414210684597,0.963990911375731,0.927687345072627,0.1480611350853,0.730675936909392,0.340870337095112,1
0.731385985855013,0.556396758183837,0.913408516673371,0.849833429092541,0.90126932435669,0.882117749424651,0.431123464833945,1
0.105179010890424,0.959475243696943,0.63842404820025,0.134461993584409,0.921323503600433,0.722559324000031,0.0706262963358313,1
0.957174802199006,0.132413116516545,0.0907979032490402,0.0596198940183967,0.391053466824815,0.618448045104742,0.298321953043342,1
0.327387341996655,0.843030167277902,0.859063123119995,0.601654975209385,0.506186814047396,0.342435503611341,0.387962581822649,1
0.819912836654112,0.120329411700368,0.207880337489769,0.539838067954406,0.535651324782521,0.662700216518715,0.0564471569377929,1
0.439673520391807,0.503597167320549,0.239496344001964,0.0757440757006407,0.638627004344016,0.420655518304557,0.215083233779296,1
0.828653210075572,0.132080014562234,0.631207889411598,0.0509190720040351,0.451877318322659,0.130751208867878,0.455315282801166,0
0.0757229831069708,0.896141804987565,0.435299002565444,0.238114222884178,0.138885726220906,0.90016832225956,0.485066614346579,1
0.551608108915389,0.199881391366944,0.585793458623812,0.969054493587464,0.4554931554012,0.261379009811208,0.867969150422141,0
0.409098744159564,0.186720415018499,0.324357228120789,0.0493383097928017,0.503737569553778,0.891417951555923,0.752678795484826,1
0.111772596370429,0.26346689555794,0.588214971125126,0.840732996119186,0.843789648963138,0.840283919125795,0.58643217314966,1
0.591023331973702,0.452334031229839,0.0231301237363368,0.861146117094904,0.76234836387448,0.359491006471217,0.457496795104817,0
0.716380050638691,0.0645821802318096,0.285013138549402,0.872201296500862,0.239276083419099,0.590647940291092,0.381290611810982,0
0.320942050078884,0.0937105889897794,0.0689271534793079,0.256293560145423,0.870454955613241,0.849251258186996,0.957766217412427,1
0.041649432387203,0.405983056407422,0.140876298537478,0.314397097798064,0.839198794681579,0.997656602412462,0.547148201381788,1
0.934499191120267,0.630302262725309,0.555314179975539,0.163300841813907,0.848535092547536,0.0363396902102977,0.173731574555859,1
0.407495403429493,0.492824187967926,0.427234515780583,0.479232229758054,0.520413066726178,0.863054233137518,0.0181993613950908,1
0.00977398734539747,0.528535626130179,0.242663489887491,0.812757119303569,0.713390820194036,0.112693230854347,0.462758363923058,0
0.249474462587386,0.264174386626109,0.781964750494808,0.0883253656793386,0.455080438172445,0.705079847713932,0.0176373687572777,1
0.546294460771605,0.931221504462883,0.284091336419806,0.640487988712266,0.554845141014084,0.586245939601213,0.871999887516722,1
0.513069262495264,0.0234369155950844,0.684387413552031,0.0289857715833932,0.710503617301583,0.0282599737402052,0.835607549641281,0
0.933737287297845,0.848643540870398,0.95852635265328,0.889797715004534,0.568714225897565,0.569841379532591,0.404248489299789,1
0.601498149335384,0.912187538575381,0.41165281063877,0.466459455667064,0.850192850222811,0.784139262512326,0.855111821787432,1
0.0514658852480352,0.0593761447817087,0.286652230657637,0.349610175471753,0.9337962877471,0.176559115527198,0.151568649103865,0
0.719854585593566,0.764084900030866,0.272798059973866,0.0945639291312546,0.178630486363545,0.0654471057932824,0.441324858693406,0
0.654419725527987,0.608492451487109,0.286808314500377,0.052041438408196,0.263581331120804,0.337982318364084,0.250727787613869,0
0.165283703478053,0.824466098565608,0.538620322709903,0.0808225532528013,0.533979631727561,0.385935724014416,0.318022962892428,0
0.463451398536563,0.121212001889944,0.110473620006815,0.667117583565414,0.795542377512902,0.608338379301131,0.475801954744384,1
0.524400408612564,0.976680465275422,0.921931521734223,0.457202153280377,0.693272339412943,0.275812620762736,0.667409792076796,1
0.66794925252907,0.422502585919574,0.51972768548876,0.400131521280855,0.859937430592254,0.0559837715700269,0.723870544228703,0
0.624771017348394,0.458118885755539,0.0318395830690861,0.94999072747305,0.0973715533036739,0.952318837866187,0.752350563649088,1
0.794199911877513,0.988118925830349,0.437049824511632,0.819540351629257,0.871331590460613,0.0629397972952574,0.498737999470904,0
0.422194967279211,0.525755201699212,0.685614707414061,0.164756293641403,0.3194895980414,0.096223073778674,0.293083606287837,0
0.37664318527095,0.762613514671102,0.190222956705838,0.620837816270068,0.927799327298999,0.916430335957557,0.25359856756404,1
0.0836981392931193,0.316689323168248,0.805156203918159,0.245056537212804,0.547681760508567,0.836223875638098,0.415899168001488,1
0.250133001245558,0.09858124749735,0.0579089615494013,0.979035943280905,0.422136834356934,0.00382873811759055,0.602504986338317,0
0.264677955536172,0.975764176342636,0.350289170164615,0.225441418820992,0.570986971259117,0.432680421741679,0.311522901756689,1
0.63067016704008,0.698422920424491,0.0132819041609764,0.597660140367225,0.515245749149472,0.977478005457669,0.244300747755915,1
0.288930748123676,0.874369179364294,0.858123119222,0.868311447789893,0.410439887316898,0.850532291689888,0.409362428821623,1
0.046445693820715,0.290966094005853,0.846869217697531,0.0420396882109344,0.273905560839921,0.515590843511745,0.634654999244958,1
0.321862972108647,0.453771381173283,0.239070262759924,0.395364011637866,0.692531884415075,0.54024756886065,0.371828622883186,1
0.323451151605695,0.923174172407016,0.0783975780941546,0.457536072935909,0.755491845309734,0.0404609409160912,0.0450156005099416,0
0.0720704975537956,0.761516578029841,0.379365042084828,0.710343054495752,0.723123391158879,0.811714572599158,0.735495075350627,1
0.101503198733553,0.654543015640229,0.413683120859787,0.486752321012318,0.304611256578937,0.290783272590488,0.523044843459502,0
0.284271316835657,0.0550995725207031,0.75138835189864,0.366810106206685,0.696543162921444,0.683197691803798,0.262219887925312,0
0.420388758881018,0.0248696547932923,0.457101816078648,0.402794453082606,0.879981218837202,0.676069807494059,0.443054460687563,1
0.687771695898846,0.894919833866879,0.0317150542978197,0.922136317705736,0.952643642667681,0.622795259347185,0.63504591351375,1
0.376658301334828,0.220284509239718,0.122022248571739,0.994822651613504,0.62409831606783,0.638817836530507,0.179434600053355,1
0.164582473458722,0.447813245467842,0.444759102305397,0.445006024790928,0.944244859972969,0.23915986972861,0.374456933699548,0
0.940443964442238,0.985684545477852,0.483656921889633,0.667815877590328,0.457926973700523,0.995425615925342,0.426751775899902,1
0.0924410410225391,0.779563133371994,0.997745630564168,0.113132543861866,0.957319873617962,0.785630304832011,0.505059417104349,1
0.820650022709742,0.658223470672965,0.374187414767221,0.834106108639389,0.649220370920375,0.537167157977819,0.919642124092206,1
0.397368731442839,0.520026275422424,0.185957584530115,0.157509761396796,0.948597613489255,0.464334379183128,0.236622810130939,0
0.640441303607076,0.37737909401767,0.0503344901371747,0.88604511343874,0.724816750735044,0.741858070949093,0.550616165390238,1
0.105875732842833,0.174226291710511,0.55666848202236,0.672192164463922,0.170642276294529,0.717718615429476,0.423728603636846,1
0.945102710975334,0.752301283413544,0.334934893762693,0.731509262463078,0.399653353029862,0.905694005545229,0.986136754509062,1
0.848376089474186,0.152462914586067,0.338625693926588,0.311169072287157,0.347077841637656,0.0156519564334303,0.728943753056228,0
0.88503053621389,0.531374688027427,0.119223107816651,0.751781202387065,0.0997637938708067,0.978273666463792,0.0028673552442342,1
0.896662675542757,0.839328344212845,0.251235500676557,0.0423768803011626,0.447396357310936,0.387132702860981,0.560785890091211,0
0.97371768951416,0.757901800563559,0.820698642637581,0.74046254879795,0.832141446415335,0.868071043165401,0.700156534090638,1
0.496751111699268,0.960007736459374,0.823618542170152,0.349187070969492,0.455606433562934,0.0741995039861649,0.827254661591724,0
0.829088096041232,0.212922992650419,0.266299674520269,0.870371184078977,0.27248597657308,0.454066655598581,0.768818611511961,1
0.625590413575992,0.438100084429607,0.126471027033404,0.820320963393897,0.220334408106282,0.883600060595199,0.581009493442252,1
0.326969952788204,0.4948079676833,0.589938755845651,0.814852087758482,0.896900301799178,0.478194958763197,0.697013033088297,1
0.342108884826303,0.545726749813184,0.756413192953914,0.393758181715384,0.537965174298733,0.269444103119895,0.328749113250524,0
0.052391089964658,0.729266624199226,0.101898519555107,0.701379714533687,0.344889228232205,0.72822568169795,0.128359714522958,0
0.11797712999396,0.576061165891588,0.512801430653781,0.743337389081717,0.13424199144356,0.107309120241553,0.799901459831744,0
0.603886463213712,0.0640094107948244,0.801994697889313,0.246908834436908,0.966419560601935,0.787106834352016,0.0790048104245216,1
0.980684037320316,0.118330185534433,0.767253541853279,0.519907962298021,0.612477974267676,0.525304057169706,0.642431432381272,1
0.276510828640312,0.261175242252648,0.417846131604165,0.182265560841188,0.731913025025278,0.441471767378971,0.661521883215755,1
0.292716576484963,0.889795327559114,0.939973018830642,0.616906828247011,0.218929399736226,0.803233906626701,0.807319341227412,1
0.703047736547887,0.79977619368583,0.567778263706714,0.550826056394726,0.723214431200176,0.973690321203321,0.0333125600591302,1
0.69887186633423,0.954907807288691,0.333700411953032,0.835247185314074,0.464089726330712,0.639825749909505,0.502358437981457,1
0.734661633614451,0.758340376196429,0.952351574786007,0.557511799270287,0.323390742531046,0.0110934360418469,0.944007232552394,0
0.580095798242837,0.00822823494672775,0.735647504450753,0.795301747508347,0.880784406559542,0.286152201937512,0.177998768631369,0
0.898074061842635,0.776502726133913,0.58387052314356,0.911634746007621,0.583697371883318,0.0520885842852294,0.980770135764033,1
0.967148350784555,0.970346544636413,0.0168741615489125,0.306666129501536,0.141300415620208,0.458796519786119,0.969695241656154,1
0.189557523699477,0.584258178249002,0.699209560407326,0.852409202838317,0.378239997662604,0.161221431568265,0.191337733296677,0
0.776426041964442,0.570495929103345,0.994066484970972,0.686128767207265,0.634081103140488,0.36510155024007,0.452403407078236,0
0.309041247237474,0.468320977408439,0.332168674794957,0.686194502748549,0.788811595411971,0.472178465919569,0.165322463726625,1
0.309238735586405,0.0323652452789247,0.621844779700041,0.170066028367728,0.649208396207541,0.428737231297418,0.453843033406883,1
0.431551112327725,0.706724191550165,0.655493433121592,0.137207263614982,0.439263850217685,0.156152101000771,0.0942537793889642,0
0.939285764237866,0.153380945092067,0.676956048002467,0.851034968160093,0.665766180492938,0.933232999639586,0.133505874080583,1
0.141464886022732,0.383435210911557,0.977680684765801,0.737015387509018,0.240543052786961,0.555707331513986,0.953445610124618,1
0.463076134445146,0.114360031438991,0.239341633627191,0.566102042095736,0.27199873724021,0.903967918362468,0.966892348835245,0
0.252403099555522,0.582113951677456,0.66187479509972,0.860083982581273,0.674278995255008,0.128366638207808,0.791923152282834,1
0.777112849755213,0.0234550810419023,0.0411253825295717,0.231963916448876,0.882635509828106,0.400646861409768,0.0292773067485541,1
0.423755976837128,0.327820272184908,0.377033542841673,0.693740713177249,0.705773057648912,0.62347650132142,0.918842245358974,1
0.0904057114385068,0.470418052980676,0.855311469640583,0.265085386810824,0.0142177275847644,0.197323454776779,0.720954145537689,0
0.542413884075359,0.0175149505957961,0.132664274657145,0.221970305778086,0.31745069893077,0.724118740065023,0.987133435439318,1
0.473505259491503,0.911416701041162,0.218499390175566,0.182431370951235,0.695466518169269,0.831182508030906,0.599187326384708,1
0.654683852102607,0.0394202072639018,0.766042092582211,0.635002757888287,0.0491838296875358,0.610543699702248,0.972134493757039,1
0.0798444068059325,0.68729146849364,0.00814834819175303,0.61697008786723,0.597375417826697,0.770901343319565,0.325331869069487,1
0.572124042315409,0.970794898923486,0.522952783387154,0.642950509674847,0.102147887460887,0.393951011588797,0.818946530576795,0
0.24383238167502,0.996679509757087,0.429477599216625,0.308855167822912,0.528374631190673,0.85317975259386,0.0351167125627398,1
0.63733844133094,0.56452602497302,0.0465287743136287,0.887991253519431,0.623509340221062,0.360099533572793,0.315209792228416,1
0.146503747208044,0.762247449019924,0.455581671092659,0.91745952819474,0.360803777817637,0.861873355694115,0.901914288289845,1
0.684151048772037,0.705017063533887,0.861203725915402,0.702791468938813,0.837441450450569,0.697714437264949,0.383629692485556,1
0.645501278573647,0.527048960793763,0.405676354188472,0.349146293010563,0.915218167006969,0.525254423962906,0.0452976082451642,1
0.284233388956636,0.07248913962394,0.909149555722252,0.426697022514418,0.657655018847436,0.219971668673679,0.73520446382463,0
0.923468778375536,0.46851205592975,0.291815681150183,0.533558340044692,0.488335414789617,0.284499722765759,0.566669817548245,0
0.929751566145569,0.76556344749406,0.788324028952047,0.102720966096967,0.577783975051716,0.6052724448964,0.711620238143951,1
0.830129117472097,0.853807506384328,0.299951496301219,0.517374434275553,0.576326550683007,0.983916262863204,0.285865186946467,1
0.942018140805885,0.758428920060396,0.573065859032795,0.277443970320746,0.389861945761368,0.73379553668201,0.671055332990363,1
0.445363661274314,0.752073205076158,0.915809215046465,0.905261878389865,0.63813499128446,0.18019323493354,0.901906517101452,0
0.786053627030924,0.295266494387761,0.671603712253273,0.353342645335943,0.297297141281888,0.531388920033351,0.400012784637511,1
0.434856936801225,0.587739902781323,0.579677405068651,0.616481167031452,0.865632975706831,0.993087251903489,0.0159644752275199,1
0.527329451637343,0.439929662272334,0.677430045325309,0.976981278741732,0.62085323408246,0.652040252229199,0.300493193557486,1
0.556514048948884,0.591439743060619,0.902944783912972,0.160183263942599,0.782424762612209,0.383511227555573,0.278536374447867,1
0.348333962727338,0.521832239581272,0.041392597835511,0.362475298112258,0.51402184413746,0.0284441991243511,0.570037006866187,0
0.535721328342333,0.0861686544958502,0.486613508546725,0.583330451976508,0.996794146951288,0.818386216182262,0.500265410169959,1
0.66110066184774,0.04196837102063,0.334871634608135,0.884450395125896,0.17474303022027,0.536541351582855,0.996899611316621,1
0.841733800480142,0.394750243518502,0.176126699196175,0.17473999899812,0.887056117877364,0.0329712047241628,0.201893201796338,0
0.866405087988824,0.839675639988855,0.7680357710924,0.462982597760856,0.37722488027066,0.527169481385499,0.130461637862027,1
0.610946891829371,0.872159781400114,0.068292502546683,0.642343023093417,0.93521846528165,0.523920817300677,0.68694415432401,1
0.9488717939239,0.646379390731454,0.624913282226771,0.488403274910524,0.313704824773595,0.347069602226838,0.883537794696167,0
0.884390499209985,0.0999633686151356,0.54518087557517,0.861493304139003,0.11504670442082,0.433417851105332,0.685654135420918,0
0.589466631179675,0.343915860401466,0.89107434055768,0.777108888374642,0.0195120193529874,0.670688453828916,0.441802571061999,1
0.44636296806857,0.0995692426804453,0.922835612669587,0.962589423405007,0.153125872835517,0.199700410012156,0.767801777925342,0
0.930941228289157,0.324217823101208,0.0482779268641025,0.507904105586931,0.599231431726366,0.411114768125117,0.286397643154487,1
0.0661748258862644,0.730626516276971,0.0307835503481328,0.173894695704803,0.918229582253844,0.113651731051505,0.372658396372572,0
0.017213094746694,0.617677455767989,0.981189090292901,0.568209513789043,0.82329374877736,0.0330144132021815,0.368814232992008,0
0.618619211716577,0.150197556009516,0.922948800260201,0.514263552380726,0.430424353340641,0.968147910665721,0.600515416590497,1
0.126497449586168,0.553227866999805,0.109029030194506,0.455987306311727,0.157649674220011,0.0981341134756804,0.199816236505285,0
0.205079554812983,0.499327856115997,0.905293547548354,0.971285394625738,0.472374809905887,0.141462349332869,0.413947140332311,1
0.674732917919755,0.42178361187689,0.690853481413797,0.914861720288172,0.0611199960112572,0.025586555711925,0.349223874043673,0
0.778129969723523,0.919589779339731,0.392988628474995,0.0914844805374742,0.705948390299454,0.905703466618434,0.198231222573668,1
0.344844085164368,0.311245300574228,0.762672175886109,0.164377296110615,0.519955273484811,0.456290248548612,0.409756671404466,1
0.43966232216917,0.442084439331666,0.0859518009237945,0.755763197084889,0.285146335838363,0.231763273710385,0.600516791222617,0
0.741937013808638,0.920940778683871,0.946407520910725,0.337103649508208,0.218065006658435,0.564239503117278,0.513486181152984,1
0.964879144914448,0.370760603575036,0.348761594388634,0.177528659347445,0.907218576641753,0.44973988016136,0.2546867642086,1
0.613682754337788,0.0378799454774708,0.313316456740722,0.861109554534778,0.245686902198941,0.862594560021535,0.617484537186101,1
0.539813434705138,0.401312458794564,0.945077045354992,0.867752283578739,0.883507686899975,0.979468783829361,0.817491837078705,1
0.323618761496618,0.991052574943751,0.0558995229657739,0.0329452331643552,0.40783879137598,0.519780053058639,0.81714013312012,1
0.114559704670683,0.123712329659611,0.0258919151965529,0.354399956064299,0.504688272951171,0.867420181864873,0.963999486295506,0
0.628559190547094,0.293286536587402,0.164455680875108,0.762194440467283,0.725005503278226,0.0399563447572291,0.781958815641701,0
0.207045637071133,0.811935189412907,0.506533620646223,0.476475560804829,0.78899573511444,0.410513413604349,0.386850384296849,1
0.31972393929027,0.441929542692378,0.615423773881048,0.75085088191554,0.588087093317881,0.979760026792064,0.216019648127258,1
0.00010643363930285,0.3883526714053,0.440376072656363,0.0978790414519608,0.381589834345505,0.536768707213923,0.981344427214935,1
0.975770919350907,0.565983114531264,0.900900796987116,0.533023824682459,0.485600592568517,0.311910333810374,0.683830142719671,0
0.0487745229620486,0.556365849450231,0.0697301991749555,0.818222935544327,0.266913446364924,0.0704086690675467,0.255963780218735,0
0.587369241053239,0.284868513699621,0.290489595383406,0.0362904740031809,0.857900576200336,0.439100827323273,0.582033565733582,1
0.504311568336561,0.898611149052158,0.476776043185964,0.0197454399894923,0.981967779342085,0.188337299507111,0.954502060776576,0
0.0131737457122654,0.426385458791628,0.238349352730438,0.344247134635225,0.686149506364018,0.00999835669063032,0.7565982141532,0
0.357516800053418,0.677329471567646,0.406939328880981,0.635933560086414,0.088926020776853,0.701814879896119,0.0753646639641374,0
0.862135156290606,0.0283742125611752,0.00426723924465477,0.464435848407447,0.556638094829395,0.180133660789579,0.31404699687846,0
0.742925563594326,0.971226134104654,0.00553221069276333,0.0716778766363859,0.214146937709302,0.690660070860758,0.9345281671267,0
0.348499636165798,0.670050831045955,0.468449970474467,0.019963419996202,0.825036245863885,0.149301019264385,0.689317914424464,0
0.475235156947747,0.186499061062932,0.0973528381437063,0.208747641881928,0.780065123224631,0.628355585271493,0.267783672083169,1
0.01863082498312,0.0925093807745725,0.138477680506185,0.638143410207704,0.258031280944124,0.947684550657868,0.879898796789348,1
0.855294678127393,0.580144835403189,0.344388371799141,0.862298518186435,0.620963824447244,0.701587424613535,0.470074478769675,1
0.10078299487941,0.642882419051602,0.896842772141099,0.580093082971871,0.641353397630155,0.230813289992511,0.826959918951616,0
0.652472225716338,0.587415570626035,0.927309012506157,0.646242054877803,0.147057286463678,0.204031246481463,0.500918131554499,1
0.551001264713705,0.365452591329813,0.87118188617751,0.101706903893501,0.0427573926281184,0.0308886922430247,0.450759780826047,0
0.346402660477906,0.00504956650547683,0.0502015422098339,0.00936647458001971,0.32238034508191,0.521722374018282,0.40721717197448,1
0.161830190103501,0.128149077063426,0.512438792502508,0.809285442344844,0.870050058932975,0.00431777210906148,0.217652923893183,0
0.202493058750406,0.283772777765989,0.784917331300676,0.12324378406629,0.340671270852908,0.162359612528235,0.488610408268869,0
0.425042319111526,0.675309781217948,0.493830243125558,0.985143770463765,0.142086773179471,0.296236180700362,0.895410337019712,0
0.753723131725565,0.788126039551571,0.773454452166334,0.558446267619729,0.314674406545237,0.614952600328252,0.262902532704175,1
0.0108325439505279,0.78173939185217,0.260044680675492,0.768426846247166,0.419745918596163,0.297704186756164,0.282310374546796,0
0.505935807712376,0.650068840244785,0.124777175020427,0.340430012671277,0.601663877023384,0.231927045853809,0.577728208387271,0
0.922286237357184,0.871024010237306,0.0941450437530875,0.970039670588449,0.95036458875984,0.903948790160939,0.323170538293198,1
0.35637179412879,0.0149840516969562,0.569187722867355,0.423287166748196,0.984292734181508,0.876257271505892,0.369799884734675,1
0.338026648387313,0.58025733823888,0.191251891199499,0.047702923649922,0.198102090274915,0.324025955284014,0.649082261137664,0
0.0478655484039336,0.123878984712064,0.966911087045446,0.286424638237804,0.506173798348755,0.698139909654856,0.833188282093033,1
0.678312285337597,0.257025785977021,0.354800454340875,0.358282800763845,0.211742294486612,0.792672285577282,0.359885217854753,1
0.893476943718269,0.0536940053571016,0.780491379555315,0.292230472201481,0.013055456103757,0.565426904708147,0.066122158896178,1
0.0931400742847472,0.519476555520669,0.991690568858758,0.415358215337619,0.960474550258368,0.29238359327428,0.335259293671697,0
0.624493022914976,0.389000087510794,0.568944267230108,0.140778740635142,0.900629752315581,0.931386237964034,0.382475652033463,1
0.821259221760556,0.480721356580034,0.880699609406292,0.974298129091039,0.386082305340096,0.289226401364431,0.439485830254853,1
0.0225764680653811,0.154046742012724,0.300632366910577,0.776022336212918,0.951405642088503,0.528291253373027,0.446310845669359,0
0.518278500065207,0.945457775844261,0.197317335521802,0.328958176774904,0.099951108917594,0.310565027175471,0.154613241553307,0
0.167260138550773,0.142716804053634,0.621500158915296,0.282507788622752,0.81234979419969,0.946970957797021,0.0778696227353066,0
0.249039435060695,0.479780577123165,0.468888859497383,0.0300629816483706,0.614687064196914,0.0590932832565159,0.31027267081663,0
0.210064527811483,0.731100557837635,0.150652205571532,0.65956572862342,0.316515680402517,0.157595142023638,0.38080969825387,0
0.0133920218795538,0.474801097530872,0.122671921039,0.293596150353551,0.232429342810065,0.844714725157246,0.795492925681174,1
0.250362547347322,0.0585217566695064,0.288693242240697,0.0106805050745606,0.695701513672248,0.596191750140861,0.579046749742702,1
0.0667141492012888,0.14318875502795,0.344713973579928,0.995766334235668,0.975938915973529,0.485714763170108,0.518061270704493,1
0.808420388726518,0.51673494046554,0.475161754759029,0.901062593562528,0.566766115371138,0.870443280553445,0.336995832389221,1
0.761480167275295,0.687872669426724,0.387615817133337,0.430265080183744,0.0526537843979895,0.653045778162777,0.908172169001773,0
0.432708990992978,0.896575366146863,0.976159376790747,0.450274612521753,0.912704779999331,0.450837499694899,0.720314578153193,1
0.193039024714381,0.119886760599911,0.300136657431722,0.940482146805152,0.384201156441122,0.290351454168558,0.193257862469181,0
0.127813228638843,0.836729566100985,0.333926116814837,0.000668174121528864,0.186017915839329,0.835876102093607,0.934551409911364,1
0.273122914601117,0.39130112552084,0.247285005170852,0.0970235846471041,0.0501470984891057,0.896443295525387,0.779274817788973,1
0.842587277758867,0.779031505808234,0.822133605368435,0.872099932515994,0.888121803523973,0.909955336013809,0.650349408853799,1
0.653552668169141,0.473440378438681,0.185023497324437,0.782107077306136,0.282381517579779,0.99753821385093,0.254555074730888,1
0.838310298509896,0.455953462049365,0.881150518311188,0.885946740861982,0.666208144044504,0.676367230480537,0.270115951774642,1
0.90157619654201,0.696720823878422,0.639469825197011,0.650323291774839,0.197876819176599,0.261605151230469,0.263577344594523,1
0.194147383328527,0.431541091296822,0.416039432166144,0.193836043123156,0.745203100377694,0.0520824007689953,0.0443670353852212,0
0.77838263544254,0.995829439954832,0.966413114219904,0.191270514391363,0.0580983988475055,0.358691193396226,0.553435615729541,0
0.322350614937022,0.551926505053416,0.20278834970668,0.351616144645959,0.678510043304414,0.201968907378614,0.262421818217263,0
0.0990998330526054,0.409570009913296,0.0308967877645046,0.397254675393924,0.560328715713695,0.126254325965419,0.272540557663888,0
0.25690966937691,0.984879730967805,0.492284960579127,0.522130203898996,0.471509030088782,0.0624880669638515,0.188161293044686,0
0.00785198039375246,0.318713896907866,0.468478092225268,0.0573062496259809,0.285388074116781,0.0185059309005737,0.69495896063745,0
0.757249605376273,0.0902198541443795,0.0782189560122788,0.970414907904342,0.679637335473672,0.540793451713398,0.390967071056366,1
0.01182861905545,0.651211778866127,0.582350987708196,0.0754940102342516,0.108243399066851,0.362912645563483,0.880810228176415,0
0.316303234547377,0.95708885951899,0.781624939991161,0.308291660854593,0.720044140005484,0.351655028294772,0.707261319505051,1
0.49167577829212,0.947452248539776,0.900978484423831,0.873343128478155,0.482225521700457,0.0345779112540185,0.88556269952096,0
0.584598333807662,0.723338849376887,0.690543496515602,0.155152932973579,0.0124506207648665,0.750697880750522,0.194479468045756,1
0.96871219878085,0.480912014376372,0.418453009799123,0.88317418214865,0.540616001933813,0.0799355178605765,0.719819345045835,0
0.0229284870438278,0.115426163887605,0.121535250218585,0.391797105781734,0.503955597057939,0.105868488550186,0.816281434614211,0
0.751084206392989,0.326020995853469,0.390337652293965,0.0664720791392028,0.438454699702561,0.757050371263176,0.0244821533560753,0
0.245345942443237,0.135597520740703,0.998245501425117,0.833896299591288,0.8375712800771,0.0208632645662874,0.489607691764832,1
0.589658606331795,0.222468635300174,0.33691137121059,0.48104157904163,0.275610290002078,0.463188710156828,0.329469990450889,1
0.927199185593054,0.871041893493384,0.711416750214994,0.119790272787213,0.754029673524201,0.0889520738273859,0.907333012670279,0
0.629243995528668,0.660566226346418,0.0203643825370818,0.354976509930566,0.818322808947414,0.789167857030407,0.661769456695765,1
0.815202373079956,0.643794438336045,0.223625832237303,0.609091878170148,0.340156275546178,0.289366538636386,0.448217630852014,0
0.395608393475413,0.0152064280118793,0.842366850702092,0.583570521324873,0.0982805932871997,0.106805441435426,0.301110026193783,0
0.252317296108231,0.591853254241869,0.806041994364932,0.56120975012891,0.720865129260346,0.256030270131305,0.14495506696403,0
0.888112456537783,0.468843336217105,0.821785141481087,0.482014247449115,0.40752325206995,0.63015224202536,0.896113888593391,1
0.914500172948465,0.619239198975265,0.0758171298075467,0.626484019914642,0.973957551643252,0.406101839616895,0.0444470706861466,1
0.93009265861474,0.131741079501808,0.168274397030473,0.19067220040597,0.396550850011408,0.211358914151788,0.389699682127684,0
0.630945034092292,0.840795951429754,0.292225106153637,0.860281531699002,0.80205195909366,0.196377992630005,0.337052690330893,0
0.0509084027726203,0.957996048033237,0.430677117081359,0.254282579990104,0.808776034973562,0.311598118860275,0.292360868072137,0
0.268942744936794,0.629829756915569,0.943325919797644,0.41872550942935,0.38142716162838,0.259549331618473,0.59171317378059,0
0.484408854274079,0.989150071982294,0.111786963418126,0.965263749239966,0.090788384899497,0.450436822371557,0.275432113790885,1
0.505696308566257,0.718455117428675,0.422072264598683,0.395831555593759,0.643281249329448,0.764265555189922,0.497401132015511,1
0.847181221004575,0.951841638423502,0.558966832933947,0.766788874287158,0.82970909611322,0.0719018939416856,0.748058672063053,1
0.120768556138501,0.860498978756368,0.256899788510054,0.167850664816797,0.00808893307112157,0.821587861981243,0.869820901891217,1
0.101693284465,0.777573931729421,0.376854222267866,0.407068488653749,0.11659358930774,0.209497950971127,0.0722087023314089,0
0.617244574474171,0.899008634267375,0.513342239893973,0.839518128661439,0.501787526765838,0.242656880989671,0.618592133978382,1
0.344487143214792,0.459529814776033,0.0306616220623255,0.348928935360163,0.163151563378051,0.204046824015677,0.988509297836572,0
0.0543612199835479,0.498236609390005,0.894128301180899,0.438321432797238,0.60486767697148,0.444380736444145,0.670003332896158,1
0.78714429656975,0.820866856724024,0.470790860708803,0.0808793867472559,0.242769369389862,0.95579069154337,0.913074158132076,1
0.558911943109706,0.760363302426413,0.247648052871227,0.515726582147181,0.448420517612249,0.506834458792582,0.406869254540652,1
0.518634027568623,0.711999797029421,0.0714133388828486,0.737779674818739,0.653425114229321,0.527885041665286,0.435885393293574,1
0.519599005347118,0.615139895817265,0.382631018292159,0.972680470440537,0.408131925389171,0.0957476415205747,0.898788708494976,0
0.406357096740976,0.943659301381558,0.58243419136852,0.00484017748385668,0.0633124790620059,0.867635844741017,0.678957292577252,1
0.634423638461158,0.478377166436985,0.868757152697071,0.0981997200287879,0.375987990759313,0.14162838482298,0.43920051609166,0
0.952303065452725,0.00273815705440938,0.190747030079365,0.0591499349102378,0.615391323342919,0.829269654583186,0.382501091342419,1
0.346528639784083,0.699769054539502,0.978054680861533,0.709046563832089,0.278623543214053,0.0382028366439044,0.162106824340299,0
0.334767448715866,0.591941031161696,0.086290895473212,0.769383541774005,0.914623311953619,0.302508435444906,0.844809293514118,0
0.592312501277775,0.663563730427995,0.858747134683654,0.180506683187559,0.00137175945565104,0.132818012498319,0.515081105520949,0
0.290215266402811,0.355473512550816,0.736711106961593,0.829992682905868,0.025891336845234,0.209872044855729,0.0565352817066014,0
0.407702237600461,0.556921942392364,0.921758247772232,0.703964081127197,0.952528324909508,0.121039894642308,0.0504976762458682,0
0.843427147716284,0.707177633652464,0.868423911510035,0.785170139279217,0.103389583062381,0.628540931269526,0.669493423309177,1
0.92289153020829,0.375219260342419,0.740095858229324,0.0454348248895258,0.638138464186341,0.207538184709847,0.697540867142379,0
0.54876492312178,0.478041344322264,0.862437467789277,0.822143083205447,0.63904734631069,0.554048931924626,0.857795487856492,1
0.251715780701488,0.348931327462196,0.817141162231565,0.137907860334963,0.672891655704007,0.946402829606086,0.428879214916378,1
0.646898080594838,0.454622856806964,0.0980055881664157,0.802826413186267,0.349807378835976,0.405422623036429,0.550383685622364,1
